,Title,Author,Link,Bookshelf
225,Twas the Night before Christmas: A Visit from St. Nicholas,Clement Clarke Moore,http://www.gutenberg.org/ebooks/17135,Children's
226,The Tale of Peter Rabbit,Beatrix Potter,http://www.gutenberg.org/ebooks/14838,Children's
227,Struwwelpeter: Merry Stories and Funny Pictures,Heinrich Hoffmann,http://www.gutenberg.org/ebooks/12116,Children's
228,Children's Hour with Red Riding Hood and Other Stories,pseud. Watty Piper,http://www.gutenberg.org/ebooks/11592,Children's
229,The Little Red Hen,Florence White Williams,http://www.gutenberg.org/ebooks/18735,Children's
230,Favorite Fairy Tales,Logan Marshall,http://www.gutenberg.org/ebooks/20748,Children's
231,The Story of the Three Little Pigs,L. Leslie Brooke,http://www.gutenberg.org/ebooks/18155,Children's
232,Little Black Sambo,Helen Bannerman,http://www.gutenberg.org/ebooks/17824,Children's
233,The Tale of Benjamin Bunny,Beatrix Potter,http://www.gutenberg.org/ebooks/14407,Children's
234,The Tailor of Gloucester,Beatrix Potter,http://www.gutenberg.org/ebooks/14868,Children's
235,A Visit From Saint Nicholas,Clement Clarke Moore,http://www.gutenberg.org/ebooks/17382,Children's
236,Old Christmas: from the Sketch Book of Washington Irving,Washington Irving,http://www.gutenberg.org/ebooks/20656,Children's
237,Der Struwwelpeter,Heinrich Hoffmann,http://www.gutenberg.org/ebooks/24571,Children's
238,The Tale of Squirrel Nutkin,Beatrix Potter,http://www.gutenberg.org/ebooks/14872,Children's
239,Household Stories,the Brothers Grimm Jacob Grimm and Wilhelm Grimm,http://www.gutenberg.org/ebooks/19068,Children's
240,The Tale of Tom Kitten,Beatrix Potter,http://www.gutenberg.org/ebooks/14837,Children's
241,The Tale of Johnny Town-Mouse,Beatrix Potter,http://www.gutenberg.org/ebooks/15284,Children's
242,The Real Mother Goose,Blanche Fisher Wright,http://www.gutenberg.org/ebooks/10607,Children's
243,The Pied Piper of Hamelin,Robert Browning,http://www.gutenberg.org/ebooks/18343,Children's
244,Nonsense Books,Edward Lear,http://www.gutenberg.org/ebooks/13650,Children's
245,Max und Moritz: Eine Bubengeschichte in sieben Streichen,Wilhelm Busch,http://www.gutenberg.org/ebooks/17161,Children's
246,Uncle Remus and Brer Rabbit,Joel Chandler Harris,http://www.gutenberg.org/ebooks/22282,Children's
247,The Tale of Mrs. Tiggy-Winkle,Beatrix Potter,http://www.gutenberg.org/ebooks/15137,Children's
248,The Tales of Mother Goose,Charles Perrault,http://www.gutenberg.org/ebooks/17208,Children's
249,The Tale of Jemima Puddle-Duck,Beatrix Potter,http://www.gutenberg.org/ebooks/14814,Children's
250,The Railway Children,E. Nesbit,http://www.gutenberg.org/ebooks/1874,Children's
251,Five Children and It,E. Nesbit,http://www.gutenberg.org/ebooks/17314,Children's
252,The Story of the Treasure Seekers,E. Nesbit,http://www.gutenberg.org/ebooks/770,Children's
253,The Coral Island: A Tale of the Pacific Ocean,R. M. Ballantyne,http://www.gutenberg.org/ebooks/646,Children's
254,"Ragged Dick, Or, Street Life in New York with the Boot-Blacks",Jr. Horatio Alger,http://www.gutenberg.org/ebooks/5348,Children's
255,The Story of the Amulet,E. Nesbit,http://www.gutenberg.org/ebooks/837,Children's
256,A Little Book for Christmas,Cyrus Townsend Brady,http://www.gutenberg.org/ebooks/15343,Children's
257,The Magic Pudding,Norman Lindsay,http://www.gutenberg.org/ebooks/23625,Children's
258,The Flying Girl,L. Frank Baum,http://www.gutenberg.org/ebooks/53386,Children's
259,The Magic City,E. Nesbit,http://www.gutenberg.org/ebooks/20606,Children's
260,The Phoenix and the Carpet,E. Nesbit,http://www.gutenberg.org/ebooks/836,Children's
261,The Luckiest Girl in the School,Angela Brazil,http://www.gutenberg.org/ebooks/18019,Children's
262,The Enchanted Castle,E. Nesbit,http://www.gutenberg.org/ebooks/3536,Children's
263,In Freedom's Cause : A Story of Wallace and Bruce,G. A. Henty,http://www.gutenberg.org/ebooks/4792,Children's
264,The Coral Island,R. M. Ballantyne,http://www.gutenberg.org/ebooks/21721,Children's
265,"The Dragon and the Raven; Or, The Days of King Alfred",G. A. Henty,http://www.gutenberg.org/ebooks/3674,Children's
266,A Popular Schoolgirl,Angela Brazil,http://www.gutenberg.org/ebooks/18505,Children's
267,The Texan Scouts: A Story of the Alamo and Goliad,Joseph A. Altsheler,http://www.gutenberg.org/ebooks/15767,Children's
268,The Pirate City: An Algerine Tale,R. M. Ballantyne,http://www.gutenberg.org/ebooks/21692,Children's
269,Do and Dare — a Brave Boy's Fight for Fortune,Jr. Horatio Alger,http://www.gutenberg.org/ebooks/5747,Children's
270,For the Temple: A Tale of the Fall of Jerusalem,G. A. Henty,http://www.gutenberg.org/ebooks/21614,Children's
271,The Wouldbegoods: Being the Further Adventures of the Treasure Seekers,E. Nesbit,http://www.gutenberg.org/ebooks/794,Children's
272,The Gorilla Hunters,R. M. Ballantyne,http://www.gutenberg.org/ebooks/21736,Children's
273,Ragged Dick,Jr. Horatio Alger,http://www.gutenberg.org/ebooks/20689,Children's
274,The Youngest Girl in the Fifth: A School Story,Angela Brazil,http://www.gutenberg.org/ebooks/21687,Children's
275,"Personal Memoirs of U. S. Grant, Complete",Ulysses S. Grant,http://www.gutenberg.org/ebooks/4367,Children's
276,The Underground Railroad,William Still,http://www.gutenberg.org/ebooks/15263,Children's
277,The Story of Mankind,Hendrik Willem Van Loon,http://www.gutenberg.org/ebooks/754,Children's
278,"The Journals of Lewis and Clark, 1804-1806",William Clark and Meriwether Lewis,http://www.gutenberg.org/ebooks/8419,Children's
279,Woman in the Nineteenth Century,Margaret Fuller,http://www.gutenberg.org/ebooks/8642,Children's
280,This Country of Ours,H. E. Marshall,http://www.gutenberg.org/ebooks/3761,Children's
281,History of the United States,Charles A. Beard and Mary Ritter Beard,http://www.gutenberg.org/ebooks/16960,Children's
282,A Child's History of England,Charles Dickens,http://www.gutenberg.org/ebooks/699,Children's
283,The Story of the Greeks,H. A. Guerber,http://www.gutenberg.org/ebooks/23495,Children's
284,The Oregon Trail: Sketches of Prairie and Rocky-Mountain Life,Francis Parkman,http://www.gutenberg.org/ebooks/1015,Children's
285,Ancient Egypt,Arthur Gilman and George Rawlinson,http://www.gutenberg.org/ebooks/15663,Children's
286,The Anti-Slavery Alphabet,Anonymous,http://www.gutenberg.org/ebooks/16081,Children's
287,The Story of Geographical Discovery: How the World Became Known,Joseph Jacobs,http://www.gutenberg.org/ebooks/14291,Children's
288,History of the Philippine Islands,Antonio de Morga,http://www.gutenberg.org/ebooks/7001,Children's
289,History of the Plague in London,Daniel Defoe,http://www.gutenberg.org/ebooks/17221,Children's
290,Captains of the Civil War: A Chronicle of the Blue and the Gray,William Wood,http://www.gutenberg.org/ebooks/2649,Children's
291,The Beginner's American History,D. H. Montgomery,http://www.gutenberg.org/ebooks/18127,Children's
292,Freedom's Battle,Mahatma Gandhi,http://www.gutenberg.org/ebooks/10366,Children's
293,Sinking of the Titanic and Great Sea Disasters,Logan Marshall,http://www.gutenberg.org/ebooks/781,Children's
294,True Stories of History and Biography,Nathaniel Hawthorne,http://www.gutenberg.org/ebooks/15697,Children's
295,The Balkans: A History of Bulgaria—Serbia—Greece—Rumania—Turkey,Nevill Forbes et al.,http://www.gutenberg.org/ebooks/11716,Children's
296,Manual of Egyptian Archaeology and Guide to the Study of Antiquities in Egypt,,http://www.gutenberg.org/ebooks/14400,Children's
297,Early European History,Hutton Webster,http://www.gutenberg.org/ebooks/7960,Children's
298,Great Britain and the American Civil War,Ephraim Douglass Adams,http://www.gutenberg.org/ebooks/13789,Children's
299,Stories of Great Americans for Little Americans,Edward Eggleston,http://www.gutenberg.org/ebooks/10070,Children's
300,Dave Darrin's First Year at Annapolis,H. Irving Hancock,http://www.gutenberg.org/ebooks/12774,Children's
301,Five Little Peppers and How They Grew,Margaret Sidney,http://www.gutenberg.org/ebooks/2770,Children's
302,Uncle Wiggily's Adventures,Howard Roger Garis,http://www.gutenberg.org/ebooks/15281,Children's
303,Old Mother West Wind,Thornton W. Burgess,http://www.gutenberg.org/ebooks/2557,Children's
304,The Adventures of Reddy Fox,Thornton W. Burgess,http://www.gutenberg.org/ebooks/1825,Children's
305,The Adventures of Buster Bear,Thornton W. Burgess,http://www.gutenberg.org/ebooks/22816,Children's
306,Elsie Dinsmore,Martha Finley,http://www.gutenberg.org/ebooks/6440,Children's
307,The Adventures of Danny Meadow Mouse,Thornton W. Burgess,http://www.gutenberg.org/ebooks/25529,Children's
308,"Tom Swift and His Motor-Cycle; Or, Fun and Adventures on the Road",Appleton,http://www.gutenberg.org/ebooks/4230,Children's
309,The Bobbsey Twins,Laura Lee Hope,http://www.gutenberg.org/ebooks/17412,Children's
310,The Adventures of Old Mr. Toad,Thornton W. Burgess,http://www.gutenberg.org/ebooks/12630,Children's
311,The Tale of Miss Kitty Cat,Arthur Scott Bailey,http://www.gutenberg.org/ebooks/21078,Children's
312,Elsie's Girlhood,Martha Finley,http://www.gutenberg.org/ebooks/9963,Children's
313,Tom Swift and His Airship,Victor Appleton,http://www.gutenberg.org/ebooks/3005,Children's
314,The Adventures of Grandfather Frog,Thornton W. Burgess,http://www.gutenberg.org/ebooks/14375,Children's
315,The Tale of Solomon Owl,Arthur Scott Bailey,http://www.gutenberg.org/ebooks/16663,Children's
316,"Tom Swift and His Electric Rifle; Or, Daring Adventures in Elephant Land",,http://www.gutenberg.org/ebooks/3777,Children's
317,"Tom Swift in the Land of Wonders; Or, The Underground Search for the Idol of",,http://www.gutenberg.org/ebooks/499,Children's
318,Elsie's Womanhood,Martha Finley,http://www.gutenberg.org/ebooks/14874,Children's
319,The Moving Picture Girls in War Plays,Laura Lee Hope,http://www.gutenberg.org/ebooks/20348,Children's
320,"Tom Swift and His Motor-Boat; Or, The Rivals of Lake Carlopa",Victor Appleton,http://www.gutenberg.org/ebooks/2273,Children's
321,"Mother West Wind ""How"" Stories",Thornton W. Burgess,http://www.gutenberg.org/ebooks/21286,Children's
322,The Tale of Betsy Butterfly,Arthur Scott Bailey,http://www.gutenberg.org/ebooks/21322,Children's
323,Christmas Holidays at Merryvale,Alice Hale Burnett,http://www.gutenberg.org/ebooks/23569,Children's
324,Tom Swift and His Photo Telephone or the Picture That Saved a Fortune,Appleton,http://www.gutenberg.org/ebooks/4532,Children's
325,Andersen's Fairy Tales,H. C. Andersen,http://www.gutenberg.org/ebooks/1597,Children's
326,Favorite Fairy Tales,Logan Marshall,http://www.gutenberg.org/ebooks/20748,Children's
327,Japanese Fairy Tales,Yei Theodora Ozaki,http://www.gutenberg.org/ebooks/4018,Children's
328,Irish Fairy Tales,James Stephens,http://www.gutenberg.org/ebooks/2892,Children's
329,English Fairy Tales,Joseph Jacobs,http://www.gutenberg.org/ebooks/7439,Children's
330,The Children of Odin: The Book of Northern Myths,Padraic Colum,http://www.gutenberg.org/ebooks/24737,Children's
331,A Book of Myths,Jean Lang,http://www.gutenberg.org/ebooks/22693,Children's
332,Russian Fairy Tales: A Choice Collection of Muscovite Folk-lore,Ralston,http://www.gutenberg.org/ebooks/22373,Children's
333,Viking Tales,Jennie Hall,http://www.gutenberg.org/ebooks/24811,Children's
334,American Fairy Tales,L. Frank Baum,http://www.gutenberg.org/ebooks/4357,Children's
335,Indian Fairy Tales,Joseph Jacobs and John Dickson Batten,http://www.gutenberg.org/ebooks/7128,Children's
336,"A Primary Reader: Old-time Stories, Fairy Tales and Myths Retold",Children,http://www.gutenberg.org/ebooks/7841,Children's
337,Fairy Tales Every Child Should Know,Hamilton Wright Mabie,http://www.gutenberg.org/ebooks/14916,Children's
338,"The Heroes; Or, Greek Fairy Tales for My Children",Charles Kingsley,http://www.gutenberg.org/ebooks/677,Children's
339,Stories the Iroquois Tell Their Children,Mabel Powers,http://www.gutenberg.org/ebooks/22096,Children's
340,English Fairy Tales,Flora Annie Webster Steel,http://www.gutenberg.org/ebooks/17034,Children's
341,Celtic Fairy Tales,Joseph Jacobs,http://www.gutenberg.org/ebooks/7885,Children's
342,The Book of Nature Myths,Florence Holbrook,http://www.gutenberg.org/ebooks/22420,Children's
343,Folk Tales Every Child Should Know,Hamilton Wright Mabie,http://www.gutenberg.org/ebooks/15164,Children's
344,More English Fairy Tales,Joseph Jacobs and John Dickson Batten,http://www.gutenberg.org/ebooks/14241,Children's
345,My Book of Favourite Fairy Tales,Edric Vredenburg,http://www.gutenberg.org/ebooks/15145,Children's
346,More Russian Picture Tales,Valerian Viliamovich Karrik,http://www.gutenberg.org/ebooks/23462,Children's
347,A Chinese Wonder Book,Norman Hinsdale Pitman,http://www.gutenberg.org/ebooks/18674,Children's
348,Myths That Every Child Should Know,Hamilton Wright Mabie and Blanche Ostertag,http://www.gutenberg.org/ebooks/16537,Children's
349,King Arthur's Knights,Henry Gilbert,http://www.gutenberg.org/ebooks/22396,Children's
350,A Little Princess,Frances Hodgson Burnett,http://www.gutenberg.org/ebooks/146,School
351,"The Politeness of Princes, and Other School Stories",P. G. Wodehouse,http://www.gutenberg.org/ebooks/8178,School
352,Daddy-Long-Legs,Jean Webster,http://www.gutenberg.org/ebooks/157,School
353,Little Men: Life at Plumfield With Jo's Boys,Louisa May Alcott,http://www.gutenberg.org/ebooks/2788,School
354,Tom Brown's School Days,Thomas Hughes,http://www.gutenberg.org/ebooks/1480,School
355,Jo's Boys,Louisa May Alcott,http://www.gutenberg.org/ebooks/3499,School
356,Mike,P. G. Wodehouse,http://www.gutenberg.org/ebooks/7423,School
357,The Luckiest Girl in the School,Angela Brazil,http://www.gutenberg.org/ebooks/18019,School
358,Mike and Psmith,P. G. Wodehouse,http://www.gutenberg.org/ebooks/10586,School
359,The Gold Bat,P. G. Wodehouse,http://www.gutenberg.org/ebooks/6879,School
360,A Little Princess,Frances Hodgson Burnett,http://www.gutenberg.org/ebooks/19514,School
361,"Sara Crewe; Or, What Happened at Miss Minchin's Boarding School",Burnett,http://www.gutenberg.org/ebooks/137,School
362,A Popular Schoolgirl,Angela Brazil,http://www.gutenberg.org/ebooks/18505,School
363,What Katy Did at School,Susan Coolidge,http://www.gutenberg.org/ebooks/5141,School
364,Tales of St. Austin's,P. G. Wodehouse,http://www.gutenberg.org/ebooks/6980,School
365,The White Feather,P. G. Wodehouse,http://www.gutenberg.org/ebooks/6927,School
366,A Prefect's Uncle,P. G. Wodehouse,http://www.gutenberg.org/ebooks/6985,School
367,The Pothunters,P. G. Wodehouse,http://www.gutenberg.org/ebooks/6984,School
368,The Youngest Girl in the Fifth: A School Story,Angela Brazil,http://www.gutenberg.org/ebooks/21687,School
369,The Head of Kay's,P. G. Wodehouse,http://www.gutenberg.org/ebooks/6877,School
370,The Princess of the School,Angela Brazil,http://www.gutenberg.org/ebooks/21656,School
371,The New Girl at St. Chad's: A Story of School Life,Angela Brazil,http://www.gutenberg.org/ebooks/24025,School
372,Grace Harlowe's Junior Year at High School,Josephine Chase,http://www.gutenberg.org/ebooks/17811,School
373,"The Rover Boys at School; Or, The Cadets of Putnam Hall",Edward Stratemeyer,http://www.gutenberg.org/ebooks/5780,School
374,The Rebel of the School,L. T. Meade,http://www.gutenberg.org/ebooks/15839,School
375,The Literary World Seventh Reader,"Browne, Metcalf, and Withers",http://www.gutenberg.org/ebooks/19721,Children's
376,"McGuffey's First Eclectic Reader, Revised Edition",William Holmes McGuffey,http://www.gutenberg.org/ebooks/14640,Children's
377,A First Spanish Reader,Alfred Remy and Erwin W. Roessler,http://www.gutenberg.org/ebooks/15353,Children's
378,An Elementary Spanish Reader,Earl Stanley Harrison,http://www.gutenberg.org/ebooks/22065,Children's
379,"The Boy Mechanic, Volume 1: 700 Things for Boys to Do",H. H. Windsor,http://www.gutenberg.org/ebooks/12655,Children's
380,Wild Animals I Have Known,Ernest Thompson Seton,http://www.gutenberg.org/ebooks/3031,Children's
381,The Burgess Animal Book for Children,Thornton W. Burgess,http://www.gutenberg.org/ebooks/2441,Children's
382,"A Primary Reader: Old-time Stories, Fairy Tales and Myths Retold",Children,http://www.gutenberg.org/ebooks/7841,Children's
383,McGuffey's Second Eclectic Reader,William Holmes McGuffey,http://www.gutenberg.org/ebooks/14668,Children's
384,McGuffey's Third Eclectic Reader,William Holmes McGuffey,http://www.gutenberg.org/ebooks/14766,Children's
385,McGuffey's Fifth Eclectic Reader,William Holmes McGuffey,http://www.gutenberg.org/ebooks/15040,Children's
386,The Story of Young Abraham Lincoln,Wayne Whipple,http://www.gutenberg.org/ebooks/22925,Children's
387,McGuffey's Fourth Eclectic Reader,William Holmes McGuffey,http://www.gutenberg.org/ebooks/14880,Children's
388,The Book of Nature Myths,Florence Holbrook,http://www.gutenberg.org/ebooks/22420,Children's
389,McGuffey's Sixth Eclectic Reader,William Holmes McGuffey,http://www.gutenberg.org/ebooks/16751,Children's
390,The History of Insects,Unknown,http://www.gutenberg.org/ebooks/10834,Children's
391,On the Trail: An Outdoor Book for Girls,Adelia B. Beard and Lina Beard,http://www.gutenberg.org/ebooks/18525,Children's
392,Poems Teachers Ask For,Various,http://www.gutenberg.org/ebooks/18909,Children's
393,Ritchie's Fabulae Faciles: A First Latin Reader,Francis Ritchie,http://www.gutenberg.org/ebooks/8997,Children's
394,Harry's Ladder to Learning,Anonymous,http://www.gutenberg.org/ebooks/24644,Children's
395,First Italian Readings,Various,http://www.gutenberg.org/ebooks/24072,Children's
396,Electricity for Boys,James Slough Zerbe,http://www.gutenberg.org/ebooks/22766,Children's
397,The Beacon Second Reader,James H. Fassett,http://www.gutenberg.org/ebooks/15659,Children's
398,How to Write Clearly: Rules and Exercises on English Composition,Abbott,http://www.gutenberg.org/ebooks/22600,Children's
399,A Book of Natural History,David Starr Jordan,http://www.gutenberg.org/ebooks/18274,Children's
400,Nonsense Books,Edward Lear,http://www.gutenberg.org/ebooks/13650,Children's
401,The Book of Nonsense,Edward Lear,http://www.gutenberg.org/ebooks/982,Children's
402,A Book of Nonsense,Edward Lear,http://www.gutenberg.org/ebooks/13646,Children's
403,A Child's Garden of Verses,Robert Louis Stevenson,http://www.gutenberg.org/ebooks/19722,Children's
404,Nonsense Songs,Edward Lear,http://www.gutenberg.org/ebooks/13647,Children's
405,A Floral Fantasy in an Old English Garden,Walter Crane,http://www.gutenberg.org/ebooks/24485,Children's
406,Dramatized Rhythm Plays,John N. Richards,http://www.gutenberg.org/ebooks/22035,Children's
407,The Peter Patter Book of Nursery Rhymes,Leroy F. Jackson,http://www.gutenberg.org/ebooks/22014,Children's
408,Fables in Rhyme for Little Folks,Jean de La Fontaine,http://www.gutenberg.org/ebooks/24108,Children's
409,Nonsense Drolleries,Edward Lear,http://www.gutenberg.org/ebooks/20113,Children's
410,"Aesop, in Rhyme: Old Friends in a New Dress",Aesop and Marmaduke Park,http://www.gutenberg.org/ebooks/21189,Children's
411,Songs of Childhood,Walter De la Mare,http://www.gutenberg.org/ebooks/23545,Children's
412,Animal Children: The Friends of the Forest and the Plain,Edith Brown Kirkwood,http://www.gutenberg.org/ebooks/17782,Children's
413,More Nonsense,Edward Lear,http://www.gutenberg.org/ebooks/13648,Children's
414,The Jingle Book,Carolyn Wells,http://www.gutenberg.org/ebooks/24560,Children's
415,"Queen Summer; Or, The Tourney of the Lily and the Rose",Walter Crane,http://www.gutenberg.org/ebooks/24449,Children's
416,A Nonsense Anthology,Carolyn Wells,http://www.gutenberg.org/ebooks/9380,Children's
417,The Infant's Delight: Poetry,Anonymous,http://www.gutenberg.org/ebooks/10912,Children's
418,Child Songs of Cheer,Evaleen Stein,http://www.gutenberg.org/ebooks/19389,Children's
419,The Owl and the Pussycat,Edward Lear,http://www.gutenberg.org/ebooks/23897,Children's
420,Beethoven : The story of a little boy who was forced to practice,Thomas Tapper,http://www.gutenberg.org/ebooks/34737,Child's
421,Johann Sebastian Bach : The story of the boy who sang in the streets,Tapper,http://www.gutenberg.org/ebooks/34568,Child's
422,Wagner : The Story of the Boy Who Wrote Little Plays,Thomas Tapper,http://www.gutenberg.org/ebooks/35128,Child's
423,Mozart : The story of a little boy and his sister who gave concerts,Tapper,http://www.gutenberg.org/ebooks/34582,Child's
424,Handel : The Story of a Little Boy who Practiced in an Attic,Thomas Tapper,http://www.gutenberg.org/ebooks/35157,Child's
425,Chopin : The Story of the Boy Who Made Beautiful Melodies,Thomas Tapper,http://www.gutenberg.org/ebooks/35013,Child's
426,Franz Joseph Haydn : The Story of the Choir Boy who became a Great Composer,,http://www.gutenberg.org/ebooks/34550,Child's
427,Robt. Schumann : The Story of the Boy Who Made Pictures in Music,Thomas Tapper,http://www.gutenberg.org/ebooks/35596,Child's
428,Franz Schubert : The Story of the Boy Who Wrote Beautiful Songs,Thomas Tapper,http://www.gutenberg.org/ebooks/35070,Child's
429,Franz Liszt : The Story of a Boy Who Became a Great Pianist and Teacher,Tapper,http://www.gutenberg.org/ebooks/35601,Child's
430,Verdi : The Story of the Little Boy who Loved the Hand Organ,Thomas Tapper,http://www.gutenberg.org/ebooks/35158,Child's
431,Edvard Grieg : The Story of the Boy Who Made Music in the Land of the Midnight,,http://www.gutenberg.org/ebooks/35097,Child's
432,The Wonder Book of Bible Stories,Logan Marshall,http://www.gutenberg.org/ebooks/16042,Children's
433,The Children's Bible,Charles Foster Kent and Henry A. Sherman,http://www.gutenberg.org/ebooks/23580,Children's
434,Mother Stories from the Old Testament,Anonymous,http://www.gutenberg.org/ebooks/17162,Children's
435,The Children's Six Minutes,Bruce S. Wright,http://www.gutenberg.org/ebooks/14411,Children's
436,Mother Stories from the New Testament,Anonymous,http://www.gutenberg.org/ebooks/17163,Children's
437,Wee Ones' Bible Stories,Anonymous,http://www.gutenberg.org/ebooks/11241,Children's
438,Bible Stories and Religious Classics,Philip P. Wells,http://www.gutenberg.org/ebooks/10380,Children's
439,A Young Folks' History of the Church of Jesus Christ of Latter-day Saints,,http://www.gutenberg.org/ebooks/16534,Children's
440,Children's Edition of Touching Incidents and Remarkable Answers to Prayer,Shaw,http://www.gutenberg.org/ebooks/7026,Children's
441,A Little Catechism; With Little Verses and Little Sayings for Little Children,,http://www.gutenberg.org/ebooks/13274,Children's
442,Fifty Famous People: A Book of Short Stories,James Baldwin,http://www.gutenberg.org/ebooks/6168,Children's
443,The Story of Young Abraham Lincoln,Wayne Whipple,http://www.gutenberg.org/ebooks/22925,Children's
444,Stories of Great Inventors,Hattie E. Macomber,http://www.gutenberg.org/ebooks/19533,Children's
445,Ten Boys from History,Kate Dickinson Sweetser,http://www.gutenberg.org/ebooks/23650,Children's
446,American Boy's Life of Theodore Roosevelt,Edward Stratemeyer,http://www.gutenberg.org/ebooks/22352,Children's
447,Dewey and Other Naval Commanders,Edward Sylvester Ellis,http://www.gutenberg.org/ebooks/17253,Children's
448,"Notable Voyagers, From Columbus to Nordenskiold",Frith and Kingston,http://www.gutenberg.org/ebooks/23494,Children's
449,Daniel Boone,Katharine Elliott Wilkie,http://www.gutenberg.org/ebooks/24730,Children's
550,A Christmas Carol in Prose; Being a Ghost Story of Christmas,Charles Dickens,http://www.gutenberg.org/ebooks/46,Children's
551,Alice's Adventures in Wonderland,Lewis Carroll,http://www.gutenberg.org/ebooks/11,Children's
552,Little Women,Louisa May Alcott,http://www.gutenberg.org/ebooks/514,Children's
553,Peter Pan,J. M. Barrie,http://www.gutenberg.org/ebooks/16,Children's
554,Treasure Island,Robert Louis Stevenson,http://www.gutenberg.org/ebooks/120,Children's
555,The Wonderful Wizard of Oz,L. Frank Baum,http://www.gutenberg.org/ebooks/55,Children's
556,Anne of Green Gables,L. M. Montgomery,http://www.gutenberg.org/ebooks/45,Children's
557,"The Happy Prince, and Other Tales",Oscar Wilde,http://www.gutenberg.org/ebooks/902,Children's
558,A Christmas Carol,Charles Dickens,http://www.gutenberg.org/ebooks/19337,Children's
559,The Secret Garden,Frances Hodgson Burnett,http://www.gutenberg.org/ebooks/113,Children's
560,The Jungle Book,Rudyard Kipling,http://www.gutenberg.org/ebooks/236,Children's
561,A Christmas Carol,Charles Dickens,http://www.gutenberg.org/ebooks/24022,Children's
562,The Legend of Sleepy Hollow,Washington Irving,http://www.gutenberg.org/ebooks/41,Children's
563,Through the Looking-Glass,Lewis Carroll,http://www.gutenberg.org/ebooks/12,Children's
564,The Secret Garden,Frances Hodgson Burnett,http://www.gutenberg.org/ebooks/17396,Children's
565,Black Beauty,Anna Sewell,http://www.gutenberg.org/ebooks/271,Children's
566,The Wind in the Willows,Kenneth Grahame,http://www.gutenberg.org/ebooks/289,Children's
567,A Little Princess,Frances Hodgson Burnett,http://www.gutenberg.org/ebooks/146,Children's
568,Alice's Adventures in Wonderland,Lewis Carroll,http://www.gutenberg.org/ebooks/19033,Children's
569,Anne of Avonlea,L. M. Montgomery,http://www.gutenberg.org/ebooks/47,Children's
570,Just So Stories,Rudyard Kipling,http://www.gutenberg.org/ebooks/2781,Children's
571,The Railway Children,E. Nesbit,http://www.gutenberg.org/ebooks/1874,Children's
572,Anne of the Island,L. M. Montgomery,http://www.gutenberg.org/ebooks/51,Children's
573,Kidnapped,Robert Louis Stevenson,http://www.gutenberg.org/ebooks/421,Children's
574,The Blue Fairy Book,Andrew Lang,http://www.gutenberg.org/ebooks/503,Children's
991,The Adventures of Sherlock Holmes,Arthur Conan Doyle,http://www.gutenberg.org/ebooks/1661,Detective
992,The Hound of the Baskervilles,Arthur Conan Doyle,http://www.gutenberg.org/ebooks/2852,Detective
993,A Study in Scarlet,Arthur Conan Doyle,http://www.gutenberg.org/ebooks/244,Detective
994,The Sign of the Four,Arthur Conan Doyle,http://www.gutenberg.org/ebooks/2097,Detective
995,The Mysterious Affair at Styles,Agatha Christie,http://www.gutenberg.org/ebooks/863,Detective
996,The Works of Edgar Allan Poe — Volume 2,Edgar Allan Poe,http://www.gutenberg.org/ebooks/2148,Detective
997,Poirot Investigates,Agatha Christie,http://www.gutenberg.org/ebooks/61262,Detective
998,The Murder on the Links,Agatha Christie,http://www.gutenberg.org/ebooks/58866,Detective
999,The Works of Edgar Allan Poe — Volume 1,Edgar Allan Poe,http://www.gutenberg.org/ebooks/2147,Detective
1000,The Secret Adversary,Agatha Christie,http://www.gutenberg.org/ebooks/1155,Detective
1001,The Memoirs of Sherlock Holmes,Arthur Conan Doyle,http://www.gutenberg.org/ebooks/834,Detective
1002,The Return of Sherlock Holmes,Arthur Conan Doyle,http://www.gutenberg.org/ebooks/108,Detective
1003,The Man in the Brown Suit,Agatha Christie,http://www.gutenberg.org/ebooks/61168,Detective
1004,The Moonstone,Wilkie Collins,http://www.gutenberg.org/ebooks/155,Detective
1005,The Valley of Fear,Arthur Conan Doyle,http://www.gutenberg.org/ebooks/3289,Detective
1006,The Innocence of Father Brown,G. K. Chesterton,http://www.gutenberg.org/ebooks/204,Detective
1007,His Last Bow: An Epilogue of Sherlock Holmes,Arthur Conan Doyle,http://www.gutenberg.org/ebooks/2350,Detective
1008,Whose Body? A Lord Peter Wimsey Novel,Dorothy L. Sayers,http://www.gutenberg.org/ebooks/58820,Detective
1009,The Red House Mystery,A. A. Milne,http://www.gutenberg.org/ebooks/1872,Detective
1010,The Wisdom of Father Brown,G. K. Chesterton,http://www.gutenberg.org/ebooks/223,Detective
1011,The Leavenworth Case,Anna Katharine Green,http://www.gutenberg.org/ebooks/4047,Detective
1012,The Mystery of the Yellow Room,Gaston Leroux,http://www.gutenberg.org/ebooks/1685,Detective
1013,Hunted Down: The Detective Stories of Charles Dickens,Charles Dickens,http://www.gutenberg.org/ebooks/807,Detective
1014,The Adventure of the Dying Detective,Arthur Conan Doyle,http://www.gutenberg.org/ebooks/2347,Detective
1015,The Adventures of Sherlock Holmes,Arthur Conan Doyle,http://www.gutenberg.org/ebooks/9551,Detective
1041,Dr. Montessori's Own Handbook,Maria Montessori,http://www.gutenberg.org/ebooks/29635,Education
1042,The Mind and Its Education,George Herbert Betts,http://www.gutenberg.org/ebooks/20220,Education
1043,What the Schools Teach and Might Teach,John Franklin Bobbitt,http://www.gutenberg.org/ebooks/13482,Education
1044,"Youth: Its Education, Regimen, and Hygiene",G. Stanley Hall,http://www.gutenberg.org/ebooks/9173,Education
1045,A Catechism of Familiar Things;,Anonymous,http://www.gutenberg.org/ebooks/16728,Education
1046,The Teaching of History,E. C. Hartwell,http://www.gutenberg.org/ebooks/14577,Education
1047,A Catalogue of Play Equipment,Jean Lee Hunt,http://www.gutenberg.org/ebooks/28466,Education
1048,The Infant System,Samuel Wilderspin,http://www.gutenberg.org/ebooks/10985,Education
1123,The Wonderful Wizard of Oz,L. Frank Baum,http://www.gutenberg.org/ebooks/55,Fantasy
1124,Le Morte d'Arthur: Volume 1,Sir Thomas Malory,http://www.gutenberg.org/ebooks/1251,Fantasy
1125,The Legends of King Arthur and His Knights,Knowles and Malory,http://www.gutenberg.org/ebooks/12753,Fantasy
1126,The Marvelous Land of Oz,L. Frank Baum,http://www.gutenberg.org/ebooks/54,Fantasy
1127,The Mabinogion,Lady Charlotte Schreiber,http://www.gutenberg.org/ebooks/5160,Fantasy
1128,The Merry Adventures of Robin Hood,Howard Pyle,http://www.gutenberg.org/ebooks/964,Fantasy
1129,Le Morte d'Arthur: Volume 2,Sir Thomas Malory,http://www.gutenberg.org/ebooks/1252,Fantasy
1130,Irish Fairy Tales,James Stephens,http://www.gutenberg.org/ebooks/2892,Fantasy
1131,The House on the Borderland,William Hope Hodgson,http://www.gutenberg.org/ebooks/10002,Fantasy
1132,Dorothy and the Wizard in Oz,L. Frank Baum,http://www.gutenberg.org/ebooks/22566,Fantasy
1133,The Story of the Volsungs (Volsunga Saga); with Excerpts from the Poetic Edda,,http://www.gutenberg.org/ebooks/1152,Fantasy
1134,The Merry Adventures of Robin Hood,Howard Pyle,http://www.gutenberg.org/ebooks/10148,Fantasy
1135,The Night Land,William Hope Hodgson,http://www.gutenberg.org/ebooks/10662,Fantasy
1136,"News from Nowhere; Or, An Epoch of Rest",William Morris,http://www.gutenberg.org/ebooks/3261,Fantasy
1137,Four Arthurian Romances,active 12th century de Troyes Chrétien,http://www.gutenberg.org/ebooks/831,Fantasy
1138,Robin Hood,J. Walker McSpadden,http://www.gutenberg.org/ebooks/832,Fantasy
1139,The Gods of Pegana,Lord Dunsany,http://www.gutenberg.org/ebooks/8395,Fantasy
1140,The Magic of Oz,L. Frank Baum,http://www.gutenberg.org/ebooks/419,Fantasy
1141,The Well at the World's End: A Tale,William Morris,http://www.gutenberg.org/ebooks/169,Fantasy
1142,The Book of Wonder,Lord Dunsany,http://www.gutenberg.org/ebooks/7477,Fantasy
1143,Ozma of Oz,L. Frank Baum,http://www.gutenberg.org/ebooks/486,Fantasy
1144,The Sword of Welleran and Other Stories,Lord Dunsany,http://www.gutenberg.org/ebooks/10806,Fantasy
1145,Dorothy and the Wizard in Oz,L. Frank Baum,http://www.gutenberg.org/ebooks/420,Fantasy
1146,The Sea Fairies,L. Frank Baum,http://www.gutenberg.org/ebooks/4358,Fantasy
1147,Fifty-One Tales,Lord Dunsany,http://www.gutenberg.org/ebooks/7838,Fantasy
1173,"The Count of Monte Cristo, Illustrated",Alexandre Dumas,http://www.gutenberg.org/ebooks/1184,Adventure
1174,The Call of the Wild,Jack London,http://www.gutenberg.org/ebooks/215,Adventure
1175,Around the World in Eighty Days,Jules Verne,http://www.gutenberg.org/ebooks/103,Adventure
1176,White Fang,Jack London,http://www.gutenberg.org/ebooks/910,Adventure
1177,The Three Musketeers,Alexandre Dumas,http://www.gutenberg.org/ebooks/1257,Adventure
1178,Kidnapped,Robert Louis Stevenson,http://www.gutenberg.org/ebooks/421,Adventure
1179,The Scarlet Pimpernel,Baroness Emmuska Orczy Orczy,http://www.gutenberg.org/ebooks/60,Adventure
1180,King Solomon's Mines,H. Rider Haggard,http://www.gutenberg.org/ebooks/2166,Adventure
1181,The Thirty-Nine Steps,John Buchan,http://www.gutenberg.org/ebooks/558,Adventure
1182,Tarzan of the Apes,Edgar Rice Burroughs,http://www.gutenberg.org/ebooks/78,Adventure
1183,The Prisoner of Zenda,Anthony Hope,http://www.gutenberg.org/ebooks/95,Adventure
1184,Kim,Rudyard Kipling,http://www.gutenberg.org/ebooks/2226,Adventure
1185,"Moby-Dick; or, The Whale",Herman Melville,http://www.gutenberg.org/ebooks/15,Adventure
1186,The Man in the Iron Mask,Alexandre Dumas,http://www.gutenberg.org/ebooks/2759,Adventure
1187,She,H. Rider Haggard,http://www.gutenberg.org/ebooks/3155,Adventure
1188,Captain Blood,Rafael Sabatini,http://www.gutenberg.org/ebooks/1965,Adventure
1189,Twenty Years After,Alexandre Dumas,http://www.gutenberg.org/ebooks/1259,Adventure
1190,The Vicomte De Bragelonne,Alexandre Dumas,http://www.gutenberg.org/ebooks/2609,Adventure
1191,Allan Quatermain,H. Rider Haggard,http://www.gutenberg.org/ebooks/711,Adventure
1192,Moonfleet,John Meade Falkner,http://www.gutenberg.org/ebooks/10743,Adventure
1193,Greenmantle,John Buchan,http://www.gutenberg.org/ebooks/559,Adventure
1194,Scaramouche: A Romance of the French Revolution,Rafael Sabatini,http://www.gutenberg.org/ebooks/1947,Adventure
1195,"""Captains Courageous"": A Story of the Grand Banks",Rudyard Kipling,http://www.gutenberg.org/ebooks/2225,Adventure
1196,Tarzan the Terrible,Edgar Rice Burroughs,http://www.gutenberg.org/ebooks/2020,Adventure
1197,The Beasts of Tarzan,Edgar Rice Burroughs,http://www.gutenberg.org/ebooks/85,Adventure
1198,"Frankenstein; Or, The Modern Prometheus",Mary Wollstonecraft Shelley,http://www.gutenberg.org/ebooks/84,Science
1199,Anthem,Ayn Rand,http://www.gutenberg.org/ebooks/1250,Science
1200,"Frankenstein; Or, The Modern Prometheus",Mary Wollstonecraft Shelley,http://www.gutenberg.org/ebooks/42324,Science
1201,The Last Man,Mary Wollstonecraft Shelley,http://www.gutenberg.org/ebooks/18247,Science
1202,"Frankenstein; Or, The Modern Prometheus",Mary Wollstonecraft Shelley,http://www.gutenberg.org/ebooks/41445,Science
1203,All Cats Are Gray,Andre Norton,http://www.gutenberg.org/ebooks/29019,Science
1204,Plague Ship,Andre Norton,http://www.gutenberg.org/ebooks/16921,Science
1205,Astounding Stories of Super-Science February 1930,Various,http://www.gutenberg.org/ebooks/28617,Science
1206,"Frankenstein; Or, The Modern Prometheus",Mary Wollstonecraft Shelley,http://www.gutenberg.org/ebooks/20038,Science
1207,The Time Traders,Andre Norton,http://www.gutenberg.org/ebooks/19145,Science
1208,The Door Through Space,Marion Zimmer Bradley,http://www.gutenberg.org/ebooks/19726,Science
1209,Storm Over Warlock,Andre Norton,http://www.gutenberg.org/ebooks/20788,Science
1210,The Colors of Space,Marion Zimmer Bradley,http://www.gutenberg.org/ebooks/20796,Science
1211,Star Hunter,Andre Norton,http://www.gutenberg.org/ebooks/19090,Science
1212,Star Born,Andre Norton,http://www.gutenberg.org/ebooks/18458,Science
1213,Black Amazon of Mars,Leigh Brackett,http://www.gutenberg.org/ebooks/32664,Science
1214,Key Out of Time,Andre Norton,http://www.gutenberg.org/ebooks/19651,Science
1215,The Defiant Agents,Andre Norton,http://www.gutenberg.org/ebooks/25550,Science
1216,Voodoo Planet,Andre Norton,http://www.gutenberg.org/ebooks/18846,Science
1217,"Astounding Stories of Super-Science, December 1930",Various,http://www.gutenberg.org/ebooks/30691,Science
1218,The Planet Savers,Marion Zimmer Bradley,http://www.gutenberg.org/ebooks/31619,Science
1219,Frankenstein,Mary Wollstonecraft Shelley,http://www.gutenberg.org/ebooks/6542,Science
1220,A World is Born,Leigh Brackett,http://www.gutenberg.org/ebooks/22544,Science
1221,The Gifts of Asti,Andre Norton,http://www.gutenberg.org/ebooks/19029,Science
1222,Year of the Big Thaw,Marion Zimmer Bradley,http://www.gutenberg.org/ebooks/28650,Science
1298,Anthem,Ayn Rand,http://www.gutenberg.org/ebooks/1250,Science
1299,The War of the Worlds,H. G. Wells,http://www.gutenberg.org/ebooks/36,Science
1300,The Time Machine,H. G. Wells,http://www.gutenberg.org/ebooks/35,Science
1301,2 B R 0 2 B,Kurt Vonnegut,http://www.gutenberg.org/ebooks/21279,Science
1302,Twenty Thousand Leagues under the Sea,Jules Verne,http://www.gutenberg.org/ebooks/164,Science
1303,The Island of Doctor Moreau,H. G. Wells,http://www.gutenberg.org/ebooks/159,Science
1304,A Princess of Mars,Edgar Rice Burroughs,http://www.gutenberg.org/ebooks/62,Science
1305,A Journey to the Centre of the Earth,Jules Verne,http://www.gutenberg.org/ebooks/18857,Science
1306,The Lost World,Arthur Conan Doyle,http://www.gutenberg.org/ebooks/139,Science
1307,Flatland: A Romance of Many Dimensions (Illustrated),Edwin Abbott Abbott,http://www.gutenberg.org/ebooks/201,Science
1308,"Looking Backward, 2000 to 1887",Edward Bellamy,http://www.gutenberg.org/ebooks/624,Science
1309,The Mysterious Island,Jules Verne,http://www.gutenberg.org/ebooks/1268,Science
1310,The Eyes Have It,Philip K. Dick,http://www.gutenberg.org/ebooks/31516,Science
1311,The Dunwich Horror,H. P. Lovecraft,http://www.gutenberg.org/ebooks/50133,Science
1312,The Hanging Stranger,Philip K. Dick,http://www.gutenberg.org/ebooks/41562,Science
1313,Twenty Thousand Leagues Under the Seas: An Underwater Tour of the World,Verne,http://www.gutenberg.org/ebooks/2488,Science
1314,Second Variety,Philip K. Dick,http://www.gutenberg.org/ebooks/32032,Science
1315,The Marching Morons,C. M. Kornbluth,http://www.gutenberg.org/ebooks/51233,Science
1316,"The Door in the Wall, and Other Stories",H. G. Wells,http://www.gutenberg.org/ebooks/456,Science
1317,Youth,Isaac Asimov,http://www.gutenberg.org/ebooks/31547,Science
1318,The House on the Borderland,William Hope Hodgson,http://www.gutenberg.org/ebooks/10002,Science
1319,The Shunned House,H. P. Lovecraft,http://www.gutenberg.org/ebooks/31469,Science
1320,"The Country of the Blind, and Other Stories",H. G. Wells,http://www.gutenberg.org/ebooks/11870,Science
1321,John Jones's Dollar,Harry Stephen Keeler,http://www.gutenberg.org/ebooks/26867,Science
1322,"From the Earth to the Moon; and, Round the Moon",Jules Verne,http://www.gutenberg.org/ebooks/83,Science
1518,Myths and Legends of China,E. T. C. Werner,http://www.gutenberg.org/ebooks/15250,Folklore
1519,Japanese Fairy Tales,Yei Theodora Ozaki,http://www.gutenberg.org/ebooks/4018,Folklore
1520,Philippine Folk Tales,Mabel Cook Cole,http://www.gutenberg.org/ebooks/12814,Folklore
1521,Irish Fairy Tales,James Stephens,http://www.gutenberg.org/ebooks/2892,Folklore
1522,A Book of Myths,Jean Lang,http://www.gutenberg.org/ebooks/22693,Folklore
1523,Russian Fairy Tales: A Choice Collection of Muscovite Folk-lore,Ralston,http://www.gutenberg.org/ebooks/22373,Folklore
1524,Stories from Hans Andersen,H. C. Andersen,http://www.gutenberg.org/ebooks/17860,Folklore
1525,Viking Tales,Jennie Hall,http://www.gutenberg.org/ebooks/24811,Folklore
1526,Indian Fairy Tales,Joseph Jacobs and John Dickson Batten,http://www.gutenberg.org/ebooks/7128,Folklore
1527,Filipino Popular Tales,Dean Spruill Fansler,http://www.gutenberg.org/ebooks/8299,Folklore
1528,Traditions of the Tinguian: a Study in Philippine Folk-Lore,Fay-Cooper Cole,http://www.gutenberg.org/ebooks/12545,Folklore
1529,Myths and Legends of Our Own Land — Complete,Charles M. Skinner,http://www.gutenberg.org/ebooks/6615,Folklore
1530,Stories the Iroquois Tell Their Children,Mabel Powers,http://www.gutenberg.org/ebooks/22096,Folklore
1531,Tales of Old Japan,Baron Algernon Bertram Freeman-Mitford Redesdale,http://www.gutenberg.org/ebooks/13015,Folklore
1532,"Uncle Remus, His Songs and His Sayings",Joel Chandler Harris,http://www.gutenberg.org/ebooks/2306,Folklore
1533,American Indian Stories,Zitkala-Sa,http://www.gutenberg.org/ebooks/10376,Folklore
1534,Indian Tales,Rudyard Kipling,http://www.gutenberg.org/ebooks/8649,Folklore
1535,Celtic Fairy Tales,Joseph Jacobs,http://www.gutenberg.org/ebooks/7885,Folklore
1536,Der Goldene Topf,E. T. A. Hoffmann,http://www.gutenberg.org/ebooks/17362,Folklore
1537,Myths and Legends of the Great Plains,Katharine Berry Judson,http://www.gutenberg.org/ebooks/22083,Folklore
1538,Japanische Märchen,Karl Alberti,http://www.gutenberg.org/ebooks/23393,Folklore
1539,More Russian Picture Tales,Valerian Viliamovich Karrik,http://www.gutenberg.org/ebooks/23462,Folklore
1540,A Chinese Wonder Book,Norman Hinsdale Pitman,http://www.gutenberg.org/ebooks/18674,Folklore
1541,Myths and Legends of California and the Old Southwest,Katharine Berry Judson,http://www.gutenberg.org/ebooks/2503,Folklore
1542,Myths and Legends of the Sioux,Marie L. McLaughlin,http://www.gutenberg.org/ebooks/341,Folklore
